{"information": {"data/images/val/10.jpg": {"shape": [1280, 720], "labels": [[0.0, 0.459816575050354, 0.47237318754196167, 0.030570652335882187, 0.1373792290687561]]}, "data/images/val/100.jpg": {"shape": [1280, 720], "labels": [[0.0, 0.433067262172699, 0.4210446774959564, 0.06029212102293968, 0.3366546034812927]]}, "data/images/val/101.jpg": {"shape": [1280, 720], "labels": [[0.0, 0.41565898060798645, 0.4165157079696655, 0.09171195328235626, 0.3457125723361969]]}, "data/images/val/102.jpg": {"shape": [1280, 720], "labels": [[0.0, 0.40589335560798645, 0.41500604152679443, 0.10954483598470688, 0.3366546034812927]]}, "data/images/val/103.jpg": {"shape": [1280, 720], "labels": [[0.0, 0.4105638563632965, 0.39311593770980835, 0.1069972813129425, 0.3743961453437805]]}, "data/images/val/104.jpg": {"shape": [1280, 720], "labels": [[0.0, 0.686124324798584, 0.30631038546562195, 0.08237092196941376, 0.43629226088523865], [1.0, 0.14986413717269897, 0.16289250552654266, 0.292119562625885, 0.2762681245803833]]}, "data/images/val/105.jpg": {"shape": [1280, 720], "labels": [[1.0, 0.2869395315647125, 0.22092391550540924, 0.551120936870575, 0.29136472940444946], [0.0, 0.67798912525177, 0.17035023868083954, 0.22078804671764374, 0.18115942180156708], [0.0, 0.7225713133811951, 0.39453503489494324, 0.09425950795412064, 0.2792874276638031]]}, "data/images/val/106.jpg": {"shape": [1280, 720], "labels": [[0.0, 0.686124324798584, 0.3055555522441864, 0.07897418737411499, 0.4257246255874634], [1.0, 0.28913044929504395, 0.15307970345020294, 0.450067937374115, 0.21739129722118378]]}, "data/images/val/107.jpg": {"shape": [1280, 720], "labels": [[0.0, 0.681878387928009, 0.3146135210990906, 0.09765625, 0.4196859896183014], [1.0, 0.28997960686683655, 0.16440217196941376, 0.31419837474823, 0.2672101557254791]]}, "data/images/val/108.jpg": {"shape": [1280, 720], "labels": [[0.0, 0.6848505139350891, 0.30480071902275085, 0.08322010934352875, 0.4091183543205261]]}, "data/images/val/109.jpg": {"shape": [1280, 720], "labels": [[0.0, 0.6614300012588501, 0.17865337431430817, 0.2250339686870575, 0.22795893251895905], [0.0, 0.7166270613670349, 0.42774757742881775, 0.07557744532823563, 0.2400362342596054], [1.0, 0.31114131212234497, 0.17865337431430817, 0.4415760934352875, 0.26117148995399475]]}, "data/images/val/11.jpg": {"shape": [1280, 720], "labels": [[0.0, 0.45805028080940247, 0.45945048332214355, 0.03226902335882187, 0.15549516677856445]]}, "data/images/val/110.jpg": {"shape": [1280, 720], "labels": [[0.0, 0.6670176386833191, 0.16289250552654266, 0.1664402186870575, 0.22795893251895905], [0.0, 0.717119574546814, 0.4240640103816986, 0.078125, 0.21588164567947388]]}, "data/images/val/111.jpg": {"shape": [1280, 720], "labels": [[0.0, 0.660648763179779, 0.15307970345020294, 0.21484375, 0.25966182351112366], [0.0, 0.7213655114173889, 0.4255736768245697, 0.07982336729764938, 0.2460748851299286]]}, "data/images/val/112.jpg": {"shape": [1280, 720], "labels": [[0.0, 0.653430700302124, 0.14704106748104095, 0.22588315606117249, 0.21739129722118378], [0.0, 0.723488450050354, 0.4067029058933258, 0.07218070328235626, 0.25664252042770386]]}, "data/images/val/113.jpg": {"shape": [1280, 720], "labels": [[1.0, 0.2894870936870575, 0.15751811861991882, 0.48318615555763245, 0.23701690137386322], [0.0, 0.65675950050354, 0.16884058713912964, 0.22927989065647125, 0.26268115639686584], [0.0, 0.7119565010070801, 0.4269927442073822, 0.09680706262588501, 0.25664252042770386]]}, "data/images/val/114.jpg": {"shape": [1280, 720], "labels": [[0.0, 0.654279887676239, 0.19157609343528748, 0.2615489065647125, 0.2853260934352875], [0.0, 0.7077785134315491, 0.47539252042770386, 0.07472825795412064, 0.12228260934352875], [1.0, 0.31036004424095154, 0.17421497404575348, 0.5180026888847351, 0.26871979236602783]]}, "data/images/val/115.jpg": {"shape": [1280, 720], "labels": [[0.0, 0.624133825302124, 0.18025362491607666, 0.3014605939388275, 0.29589372873306274], [0.0, 0.708203136920929, 0.47690218687057495, 0.08237092196941376, 0.12832126021385193], [1.0, 0.322248637676239, 0.1538345366716385, 0.46365490555763245, 0.29438406229019165]]}, "data/images/val/116.jpg": {"shape": [1280, 720], "labels": [[0.0, 0.687822699546814, 0.1810084581375122, 0.18427309393882751, 0.25815218687057495], [0.0, 0.699711263179779, 0.4542572498321533, 0.08576766401529312, 0.1736111044883728], [1.0, 0.47425273060798645, 0.1636473387479782, 0.32608696818351746, 0.3140096664428711]]}, "data/images/val/117.jpg": {"shape": [1280, 720], "labels": [[0.0, 0.678838312625885, 0.20054347813129425, 0.18682065606117249, 0.2777777910232544], [0.0, 0.7004925012588501, 0.4836050868034363, 0.09595788270235062, 0.11624395847320557], [1.0, 0.64402174949646, 0.35679349303245544, 0.41610053181648254, 0.16153381764888763]]}, "data/images/val/118.jpg": {"shape": [1280, 720], "labels": [[1.0, 0.739622950553894, 0.3795289993286133, 0.32523778080940247, 0.06642512232065201], [1.0, 0.5001528263092041, 0.23233695328235626, 0.2437160313129425, 0.3879830837249756], [0.0, 0.714572012424469, 0.20591787993907928, 0.12567934393882751, 0.3472222089767456], [0.0, 0.712024450302124, 0.4806763231754303, 0.08661685138940811, 0.09963767975568771]]}, "data/images/val/119.jpg": {"shape": [1280, 720], "labels": [[0.0, 0.7213655114173889, 0.22554348409175873, 0.06623641401529312, 0.26871979236602783], [0.0, 0.707353949546814, 0.47237318754196167, 0.08406929671764374, 0.15247584879398346], [1.0, 0.7468410134315491, 0.3734903335571289, 0.23947010934352875, 0.08152174204587936], [1.0, 0.49633151292800903, 0.25271740555763245, 0.30740490555763245, 0.46497583389282227]]}, "data/images/val/12.jpg": {"shape": [1280, 720], "labels": [[0.0, 0.4563519060611725, 0.3952898681163788, 0.049252718687057495, 0.2838164269924164]]}, "data/images/val/120.jpg": {"shape": [1280, 720], "labels": [[0.0, 0.7128056883811951, 0.2375301867723465, 0.09001358598470688, 0.22192029654979706], [0.0, 0.703464686870575, 0.4964371919631958, 0.10360054671764374, 0.1388888955116272], [1.0, 0.6474184989929199, 0.37113526463508606, 0.43138587474823, 0.15096618235111237]]}, "data/images/val/13.jpg": {"shape": [1280, 720], "labels": [[0.0, 0.4683084189891815, 0.36971619725227356, 0.035665761679410934, 0.30042269825935364]]}, "data/images/val/14.jpg": {"shape": [1280, 720], "labels": [[0.0, 0.45684441924095154, 0.37273550033569336, 0.05349864065647125, 0.318538635969162]]}, "data/images/val/15.jpg": {"shape": [1280, 720], "labels": [[0.0, 0.45210596919059753, 0.37415459752082825, 0.061141304671764374, 0.3200483024120331]]}, "data/images/val/16.jpg": {"shape": [1280, 720], "labels": [[0.0, 0.45641982555389404, 0.3500905930995941, 0.056046195328235626, 0.3759058117866516]]}, "data/images/val/17.jpg": {"shape": [1280, 720], "labels": [[0.0, 0.44410666823387146, 0.3478260934352875, 0.09256114065647125, 0.3774154484272003]]}, "data/images/val/18.jpg": {"shape": [1280, 720], "labels": [[0.0, 0.4300951063632965, 0.3448067605495453, 0.12907609343528748, 0.3804347813129425]]}, "data/images/val/19.jpg": {"shape": [1280, 720], "labels": [[0.0, 0.40327784419059753, 0.26394927501678467, 0.16728940606117249, 0.23248791694641113], [0.0, 0.44955843687057495, 0.4541666805744171, 0.05774456635117531, 0.12983091175556183]]}, "data/images/val/20.jpg": {"shape": [1280, 720], "labels": [[0.0, 0.40716710686683655, 0.23158212006092072, 0.1664402186870575, 0.15096618235111237], [0.0, 0.441134512424469, 0.4112318754196167, 0.07642663270235062, 0.2113526612520218]]}, "data/images/val/21.jpg": {"shape": [1280, 720], "labels": [[0.0, 0.429670512676239, 0.35830312967300415, 0.09935461729764938, 0.39402174949645996]]}, "data/images/val/2226.jpg": {"shape": [1280, 720], "labels": [[0.0, 0.42280909419059753, 0.574184775352478, 0.05349864065647125, 0.2823067605495453]]}, "data/images/val/2227.jpg": {"shape": [1280, 720], "labels": [[0.0, 0.42500001192092896, 0.5568236708641052, 0.061141304671764374, 0.3140096664428711]]},